Campaign,Keyword,Criterion type
Search | NonBrand | Car Buying Service | US,drive right,Campaign negative phrase
Search | NonBrand | Car Buying Service | US,driveright,Campaign negative phrase
Search | NonBrand | Car Buying Service | US,driverightcarbuying,Campaign negative phrase
Search | NonBrand | Car Buying Service | US,sell,Campaign negative phrase
Search | NonBrand | Car Buying Service | US,selling,Campaign negative phrase
Search | NonBrand | Car Buying Service | US,we buy,Campaign negative phrase
Search | NonBrand | Car Buying Service | US,buy my car,Campaign negative phrase
Search | NonBrand | Car Buying Service | US,cash for,Campaign negative phrase
Search | NonBrand | Car Buying Service | US,junk,Campaign negative phrase
Search | NonBrand | Car Buying Service | US,scrap,Campaign negative phrase
Search | NonBrand | Car Buying Service | US,instant offer,Campaign negative phrase
Search | NonBrand | Car Buying Service | US,trade in value,Campaign negative phrase
Search | NonBrand | Car Buying Service | US,trade-in value,Campaign negative phrase
Search | NonBrand | Car Buying Service | US,what is my car worth,Campaign negative phrase
Search | NonBrand | Car Buying Service | US,broker,Campaign negative phrase
Search | NonBrand | Car Buying Service | US,brokers,Campaign negative phrase
Search | NonBrand | Car Buying Service | US,lease,Campaign negative phrase
Search | NonBrand | Car Buying Service | US,leases,Campaign negative phrase
Search | NonBrand | Car Buying Service | US,leasing,Campaign negative phrase
Search | NonBrand | Car Buying Service | US,costco,Campaign negative phrase
Search | NonBrand | Car Buying Service | US,usaa,Campaign negative phrase
Search | NonBrand | Car Buying Service | US,aaa,Campaign negative phrase
Search | NonBrand | Car Buying Service | US,sams club,Campaign negative phrase
Search | NonBrand | Car Buying Service | US,sam's club,Campaign negative phrase
Search | NonBrand | Car Buying Service | US,credit union,Campaign negative phrase
Search | NonBrand | Car Buying Service | US,credit unions,Campaign negative phrase
Search | NonBrand | Car Buying Service | US,navy federal,Campaign negative phrase
Search | NonBrand | Car Buying Service | US,penfed,Campaign negative phrase
Search | NonBrand | Car Buying Service | US,pen fed,Campaign negative phrase
Search | NonBrand | Car Buying Service | US,carvana,Campaign negative phrase
Search | NonBrand | Car Buying Service | US,carmax,Campaign negative phrase
Search | NonBrand | Car Buying Service | US,car max,Campaign negative phrase
Search | NonBrand | Car Buying Service | US,truecar,Campaign negative phrase
Search | NonBrand | Car Buying Service | US,true car,Campaign negative phrase
Search | NonBrand | Car Buying Service | US,autotrader,Campaign negative phrase
Search | NonBrand | Car Buying Service | US,auto trader,Campaign negative phrase
Search | NonBrand | Car Buying Service | US,cargurus,Campaign negative phrase
Search | NonBrand | Car Buying Service | US,car gurus,Campaign negative phrase
Search | NonBrand | Car Buying Service | US,vroom,Campaign negative phrase
Search | NonBrand | Car Buying Service | US,cars.com,Campaign negative phrase
Search | NonBrand | Car Buying Service | US,job,Campaign negative phrase
Search | NonBrand | Car Buying Service | US,jobs,Campaign negative phrase
Search | NonBrand | Car Buying Service | US,career,Campaign negative phrase
Search | NonBrand | Car Buying Service | US,careers,Campaign negative phrase
Search | NonBrand | Car Buying Service | US,salary,Campaign negative phrase
Search | NonBrand | Car Buying Service | US,salaries,Campaign negative phrase
Search | NonBrand | Car Buying Service | US,hiring,Campaign negative phrase
Search | NonBrand | Car Buying Service | US,how to become,Campaign negative phrase
Search | NonBrand | Car Buying Service | US,course,Campaign negative phrase
Search | NonBrand | Car Buying Service | US,courses,Campaign negative phrase
Search | NonBrand | Car Buying Service | US,training,Campaign negative phrase
Search | NonBrand | Car Buying Service | US,license,Campaign negative phrase
Search | NonBrand | Car Buying Service | US,licensed,Campaign negative phrase
Search | NonBrand | Car Buying Service | US,driving school,Campaign negative phrase
Search | NonBrand | Car Buying Service | US,driving lessons,Campaign negative phrase
Search | NonBrand | Car Buying Service | US,driving test,Campaign negative phrase
Search | NonBrand | Car Buying Service | US,dmv,Campaign negative phrase
Search | NonBrand | Car Buying Service | US,rental,Campaign negative phrase
Search | NonBrand | Car Buying Service | US,rentals,Campaign negative phrase
Search | NonBrand | Car Buying Service | US,rent a car,Campaign negative phrase
Search | NonBrand | Car Buying Service | US,insurance,Campaign negative phrase
Search | NonBrand | Car Buying Service | US,repair,Campaign negative phrase
Search | NonBrand | Car Buying Service | US,repairs,Campaign negative phrase
Search | NonBrand | Car Buying Service | US,mechanic,Campaign negative phrase
Search | NonBrand | Car Buying Service | US,mechanics,Campaign negative phrase
Search | NonBrand | Car Buying Service | US,parts,Campaign negative phrase
Search | NonBrand | Car Buying Service | US,detailing,Campaign negative phrase
Search | NonBrand | Car Buying Service | US,valet,Campaign negative phrase
Search | NonBrand | Car Buying Service | US,oil change,Campaign negative phrase
Search | NonBrand | Car Buying Service | US,shipping,Campaign negative phrase
Search | NonBrand | Car Buying Service | US,transport,Campaign negative phrase
Search | NonBrand | Car Buying Service | US,gps,Campaign negative phrase
Search | NonBrand | Car Buying Service | US,tracker,Campaign negative phrase
Search | NonBrand | Car Buying Service | US,financing,Campaign negative phrase
Search | NonBrand | Car Buying Service | US,bad credit,Campaign negative phrase
Search | NonBrand | Car Buying Service | US,buy here pay here,Campaign negative phrase
Search | NonBrand | Car Buying Service | US,car loan,Campaign negative phrase
Search | NonBrand | Car Buying Service | US,car loans,Campaign negative phrase
Search | NonBrand | Car Buying Service | US,auto loan,Campaign negative phrase
Search | NonBrand | Car Buying Service | US,auto loans,Campaign negative phrase
Search | NonBrand | Car Buying Service | US,ai,Campaign negative phrase
Search | NonBrand | Car Buying Service | US,motorcycle,Campaign negative phrase
Search | NonBrand | Car Buying Service | US,motorcycles,Campaign negative phrase
Search | NonBrand | Car Buying Service | US,boat,Campaign negative phrase
Search | NonBrand | Car Buying Service | US,boats,Campaign negative phrase
Search | NonBrand | Car Buying Service | US,forklift,Campaign negative phrase
Search | NonBrand | Car Buying Service | US,forklifts,Campaign negative phrase
Search | NonBrand | Car Buying Service | US,tractor,Campaign negative phrase
Search | NonBrand | Car Buying Service | US,tractors,Campaign negative phrase
Search | NonBrand | Car Buying Service | US,free car buying service,Campaign negative exact
Search | NonBrand | Car Buying Service | US,free car buying services,Campaign negative exact
Search | Brand | Drive Right | US,auto sales,Campaign negative phrase
Search | Brand | Drive Right | US,motors,Campaign negative phrase
Search | Brand | Drive Right | US,automotive,Campaign negative phrase
Search | Brand | Drive Right | US,dealership,Campaign negative phrase
Search | Brand | Drive Right | US,dealerships,Campaign negative phrase
Search | Brand | Drive Right | US,inventory,Campaign negative phrase
Search | Brand | Drive Right | US,for sale,Campaign negative phrase
Search | Brand | Drive Right | US,driving school,Campaign negative phrase
Search | Brand | Drive Right | US,insurance,Campaign negative phrase
Search | Brand | Drive Right | US,tires,Campaign negative phrase
Search | Brand | Drive Right | US,tire,Campaign negative phrase
