Campaign,Link text,Description line 1,Description line 2,Final URL
Search | NonBrand | Car Buying Service | US,Compare Plans and Pricing,Full Service is $395 one time,Ultimate Concierge is $695,https://www.driverightcarbuying.com/schedule.html
Search | NonBrand | Car Buying Service | US,How It Works,Tell us what you want,"We search, haggle, you decide",https://www.driverightcarbuying.com/how-it-works.html
Search | NonBrand | Car Buying Service | US,What We Handle for You,"The search, the dealers, the haggle",And what stays your decision,https://www.driverightcarbuying.com/car-buying-service.html
Search | NonBrand | Car Buying Service | US,About Drive Right,"Based in Austin, Texas",Remote support nationwide,https://www.driverightcarbuying.com/about.html
Search | NonBrand | Car Buying Service | US,Start Your Buying Brief,Describe the car you want,Then we get to work,https://www.driverightcarbuying.com/
Search | Brand | Drive Right | US,Compare Plans and Pricing,Full Service is $395 one time,Ultimate Concierge is $695,https://www.driverightcarbuying.com/schedule.html
Search | Brand | Drive Right | US,How It Works,Tell us what you want,"We search, haggle, you decide",https://www.driverightcarbuying.com/how-it-works.html
Search | Brand | Drive Right | US,What We Handle for You,"The search, the dealers, the haggle",And what stays your decision,https://www.driverightcarbuying.com/car-buying-service.html
Search | Brand | Drive Right | US,About Drive Right,"Based in Austin, Texas",Remote support nationwide,https://www.driverightcarbuying.com/about.html
Search | Brand | Drive Right | US,Start Your Buying Brief,Describe the car you want,Then we get to work,https://www.driverightcarbuying.com/
