Campaign,Callout text
Search | NonBrand | Car Buying Service | US,One-Time Service Fee
Search | NonBrand | Car Buying Service | US,Full Service $395
Search | NonBrand | Car Buying Service | US,Ultimate Concierge $695
Search | NonBrand | Car Buying Service | US,Remote Support Nationwide
Search | NonBrand | Car Buying Service | US,"Based in Austin, Texas"
Search | NonBrand | Car Buying Service | US,Dedicated Advisor
Search | NonBrand | Car Buying Service | US,"New, Used and CPO Search"
Search | NonBrand | Car Buying Service | US,Price Negotiation
Search | NonBrand | Car Buying Service | US,Fee Review
Search | NonBrand | Car Buying Service | US,Vehicle Recommendations
Search | Brand | Drive Right | US,One-Time Service Fee
Search | Brand | Drive Right | US,Remote Support Nationwide
Search | Brand | Drive Right | US,"Based in Austin, Texas"
Search | Brand | Drive Right | US,Dedicated Advisor
