Keyword,Ad group,Avg. monthly searches,Three month change,YoY change,Competition,Top of page bid (low range),Top of page bid (high range),Note
car buying service,Car Buying Service,1K-10K,0%,0%,Medium,1.89,6.69,
car buying services,Car Buying Service,,,,,,,Grouped into "car buying service" by Keyword Planner (close variant)
nationwide car buying service,Car Buying Service,10-100,0%,0%,High,1.07,5.46,
car buying agent,Car Buying Service,100-1K,0%,0%,Medium,1.63,7.80,
car buying service cost,Car Buying Service,10-100,0%,0%,Medium,,,No bid estimate
car negotiation service,Car Negotiation,100-1K,0%,0%,Medium,1.63,4.89,
car negotiator,Car Negotiation,100-1K,0%,0%,Medium,1.84,6.33,
vehicle negotiator,Car Negotiation,,,,,,,No data
car price negotiation service,Car Negotiation,10-100,0%,0%,Medium,1.46,5.28,
hire someone to negotiate car price,Car Negotiation,10-100,0%,0%,Medium,1.61,4.40,
negotiate car price for me,Car Negotiation,,,,,,,No data
car buying negotiator,Car Negotiation,10-100,0%,0%,Medium,1.41,5.38,
car buying concierge,Car Buying Concierge,100-1K,0%,0%,Low,1.37,5.70,
car concierge service,Car Buying Concierge,100-1K,0%,0%,Low,1.46,5.71,
auto buying concierge,Car Buying Concierge,,,,,,,No data
nationwide car concierge,Car Buying Concierge,,,,,,,No data
car finder service,Car Buying Concierge,100-1K,+900%,+900%,Low,1.18,4.22,
car locator service,Car Buying Concierge,10-100,0%,0%,Low,0.56,4.25,
car buying advisor,Car Buying Advisor,10-100,0%,0%,Medium,1.25,3.71,
car buying consultant,Car Buying Advisor,100-1K,0%,0%,Low,1.56,5.59,
car shopping service,Car Buying Advisor,10-100,0%,0%,High,1.19,3.55,
personal car shopper,Car Buying Advisor,10-100,0%,0%,Low,1.02,2.45,
someone to help me buy a car,Car Buying Advisor,,,,,,,No data
help buying a car,Car Buying Advisor,100-1K,0%,0%,Medium,2.46,11.50,
drive right car buying,Brand,,,,,,,No data
driveright car buying,Brand,,,,,,,No data
driverightcarbuying,Brand,,,,,,,No data
driverightcarbuying.com,Brand,,,,,,,"No data (Keyword Planner shows it as ""driverightcarbuying com"")"
