ticket,window_owner,deliverable,acceptance_dependencies
N01,Week 1 / SEO,Fresh 28-day GSC page/query baseline and 8-URL inspection matrix,Record crawl/index/selected canonical separately; preserve accepted submissions. Organic outcomes marked unavailable if unreconciled.
N02,Week 1 / owner + editor,"Updated offer/disclosure consistency matrix, checking PR85/86/90","Existing approvals reused; no independence, timing or new offer inferred."
N03,Weeks 1–2 / editor + developer,"Homepage descriptor/sample, richer explainer, inclusion table and process handoffs",Actual/hypothetical sample distinction; supported current scope and one intent per page.
N04,Week 2 / editor + developer,Reusable current-design guide pattern and governance fields,"Byline, reviewer, dates, sources, ordinary links, supported Article data; preserve URL and source generation."
N05,Weeks 2–4 / editor + consumer-finance and advertising/consumer-law reviewer,Existing quote/MSRP rewrite released when approved,Exact reviewed artifact; current sources; original written quote request/example; individually indexable.
N06,Weeks 2–4 / editor + finance/insurance/warranty reviewer,Existing add-ons rewrite released when approved,Product/fee questions bounded; no unsupported legal assertion; quote/tool links.
N07,Weeks 2–4 / editor + mechanical/safety and consumer-law/title reviewer,Existing inspection rewrite released when approved,Does not replace professional inspection; useful checklist and source-specific factual review.
N08,Weeks 3–4 / developer + reviewer,Existing worksheet promoted with explanatory page,Meaningful math/unknown/incentive/print/CSV checks; no purchase-data capture by default.
N09,First guide launch / editor + developer,"Resources topic paths, relevant nav and contextual links",Published assets only represented as published; pending drafts retain required notices; coordinated copied headers.
N10,Weeks 5–8 / editor + owner,"Process value section, CPO and history rewrites","Fresh demand validation, useful original module, individual qualified review; no duplicate synonym pages."
N11,Weeks 6–8 / owner + editor,"One consented, documented case and About authorship links","Like-for-like evidence, calculation and fee treatment; approved wording, redaction and consent."
N12,Weeks 7–12 / editor + reviewer,Out-of-state/financing guide and useful topic hubs,"Distinct actual scope, current official sources, review capacity; sensible links and maintained dates."
N13,Weeks 8–12 / local SEO + owner,Improve Texas hub; decide one Austin pilot,"Existing metro release contract, distinctive facts and demand; no fabricated office, rankings or local transaction."
N14,Weeks 4/8/12 / SEO + operations,Outcome review and next-release decision,"Matched 28-day cohorts, verified/qualified outcomes, known index state; defer unsupported expansion."
N15,After useful assets / owner + editor,Reuse existing profile/outreach preparation; founder answer/press packet,Confirm actual profile status; no new profiles or outreach messages sent by this plan.
