claim_id,claim_text,claim_class,status,evidence_required,observed_locations,conflict_or_risk,owner,reviewer,last_reviewed,expires_on,approved_copy
CLM-001,"Average clients save $2,400 or more",quantified_outcome,historical_record,,index.html:436; index.html:753; index.html:967; schedule.html:21; schedule.html:163; arlington.html:255; austin.html:255; dallas.html:255; el-paso.html:255; fort-worth.html:255; houston.html:255; new-braunfels.html:255; san-antonio.html:255; san-marcos.html:255,Historical claim record; current public wording is covered by WEBSITE-CONTENT-2026-10-01. Removed historical wording is not reintroduced by that approval.,business_owner,claims_reviewer,,,
CLM-002,Drive Right saves buyers 12+ hours,quantified_outcome,historical_record,,index.html:441; arlington.html:250; austin.html:250; dallas.html:250; el-paso.html:250; fort-worth.html:250; houston.html:250; new-braunfels.html:250; san-antonio.html:250; san-marcos.html:250,Historical claim record; current public wording is covered by WEBSITE-CONTENT-2026-10-01. Removed historical wording is not reintroduced by that approval.,business_owner,claims_reviewer,,,
CLM-003,Full-service search begins within 12 hours,service_level,historical_record,,index.html:529; index.html:570; schedule.html:257; schedule.html:298; payment-success-fullservice.html:142; payment-success-fullservice.html:170,Historical claim record; current public wording is covered by WEBSITE-CONTENT-2026-10-01. Removed historical wording is not reintroduced by that approval.,operations_owner,claims_reviewer,,,
CLM-004,"Michael saved more than $5,000",testimonial,historical_record,,index.html:218; index.html:339; arlington.html:419; austin.html:419; dallas.html:419; el-paso.html:419; fort-worth.html:419; houston.html:419; new-braunfels.html:419; san-antonio.html:419; san-marcos.html:419,Historical claim record; current public wording is covered by WEBSITE-CONTENT-2026-10-01. Removed historical wording is not reintroduced by that approval.,business_owner,legal_reviewer,,,
CLM-005,"Michael saved more than $7,000",testimonial,historical_record,,index.html:688,Historical claim record; current public wording is covered by WEBSITE-CONTENT-2026-10-01. Removed historical wording is not reintroduced by that approval.,business_owner,legal_reviewer,,,
CLM-006,Drive Right has helped hundreds of Texas buyers,experience_metric,historical_record,,blog-best-cars-under-30k.html:152; blog-best-cars-texas-families.html:150,Historical claim record; current public wording is covered by WEBSITE-CONTENT-2026-10-01. Removed historical wording is not reintroduced by that approval.,business_owner,claims_reviewer,,,
CLM-007,Drive Right negotiates hundreds of purchases per year,experience_metric,historical_record,,blog-buy-new-car-below-msrp.html:190,Historical claim record; current public wording is covered by WEBSITE-CONTENT-2026-10-01. Removed historical wording is not reintroduced by that approval.,business_owner,claims_reviewer,,,
CLM-008,Drive Right has established dealer relationships spanning hundreds of franchises,relationship_claim,historical_record,,blog-buy-new-car-below-msrp.html:185; blog-best-time-buy-car-texas.html:182,Historical claim record; current public wording is covered by WEBSITE-CONTENT-2026-10-01. Removed historical wording is not reintroduced by that approval.,business_owner,legal_reviewer,,,
CLM-009,Drive Right's lender network can deliver rates 1-3 percentage points lower,financial_outcome,historical_record,,blog-best-auto-loan-rate-texas.html:180,Historical claim record; current public wording is covered by WEBSITE-CONTENT-2026-10-01. Removed historical wording is not reintroduced by that approval.,business_owner,qualified_financial_reviewer,,,
CLM-010,Drive Right secures the lowest available rate regardless of credit tier,absolute_financial_outcome,historical_record,,blog-credit-score-car-buying.html:194,Historical claim record; current public wording is covered by WEBSITE-CONTENT-2026-10-01. Removed historical wording is not reintroduced by that approval.,business_owner,qualified_financial_reviewer,,,
CLM-011,Savings Guarantee,guarantee,historical_record,,index.html:654; schedule.html:382,Historical claim record; current public wording is covered by WEBSITE-CONTENT-2026-10-01. Removed historical wording is not reintroduced by that approval.,business_owner,legal_reviewer,,,
CLM-012,Schedule a free consultation,price_claim,historical_record,,blog-buy-new-car-below-msrp.html:193; blog-best-dealerships-dallas-fort-worth.html:231; blog-best-dealerships-san-antonio.html:233; blog-best-time-buy-car-texas.html:188; blog-leasing-vs-buying.html:202,Historical claim record; current public wording is covered by WEBSITE-CONTENT-2026-10-01. Removed historical wording is not reintroduced by that approval.,business_owner,claims_reviewer,,,
CLM-013,"Zero kickbacks and no dealer commissions",independence_claim,approved,"Owner decision 2026-09-30 confirms no dealer commissions or kickbacks and approves the exact public copy below","how-it-works.html:133; historical observations: index.html:656; schedule.html:384; about.html:221; blog-zero-kickbacks-promise.html:164","Must remain accurate across affiliates referrals financing and dealer relationships. Approval covers the exact approved_copy; noindex drafts remain contained. Expiry is a 90-day revalidation checkpoint, not an owner-set end date.",business_owner,Business owner via direct owner instruction,2026-09-30,2026-12-29,"Drive Right does not take commissions, kickbacks, or other payments from dealers or sellers. You pay the service fee, and you decide whether to buy."
CLM-014,We negotiate the absolute best price,absolute_outcome,historical_record,,arlington.html:238; austin.html:238; dallas.html:238; el-paso.html:238; fort-worth.html:238; houston.html:238; new-braunfels.html:238; san-antonio.html:238; san-marcos.html:238,Historical claim record; current public wording is covered by WEBSITE-CONTENT-2026-10-01. Removed historical wording is not reintroduced by that approval.,business_owner,claims_reviewer,,,
CLM-015,Finance-contract audit ensures exactly zero surprise fees or markups,guarantee,historical_record,,arlington.html:381; austin.html:381; dallas.html:381; el-paso.html:381; fort-worth.html:381; houston.html:381; new-braunfels.html:381; san-antonio.html:381; san-marcos.html:381,Historical claim record; current public wording is covered by WEBSITE-CONTENT-2026-10-01. Removed historical wording is not reintroduced by that approval.,operations_owner,legal_reviewer,,,
CLM-016,Founder has personally bought and sold 60+ vehicles,experience_metric,historical_record,,about.html:19; about.html:28; about.html:35; about.html:153; about.html:181,Historical claim record; current public wording is covered by WEBSITE-CONTENT-2026-10-01. Removed historical wording is not reintroduced by that approval.,founder,claims_reviewer,,,
CLM-017,Founder has never paid above market value and frequently resells vehicles at a profit,personal_financial_outcome,historical_record,,about.html:50,Historical claim record; current public wording is covered by WEBSITE-CONTENT-2026-10-01. Removed historical wording is not reintroduced by that approval.,founder,legal_reviewer,,,
CLM-018,AI Agent Buying Service $195; Full Service $495; Ultimate Concierge $895,price_claim,retired,Owner-approved pricing sheet; checkout verification; effective date,schedule.html:43; schedule.html:55; schedule.html:173; schedule.html:221; data/services.json:14-16; austin.html (cleared 2026-09-21); llms.txt (cleared 2026-09-21),Historical $195/$495/$895 offer superseded locally by SEO-PRICE-2026-09-18; Stripe activation pending. Retired amounts removed from the austin.html plan block and llms.txt on 2026-09-21; see docs/seo/2026-09-21-claim-safety-redirects.md,business_owner,claims_reviewer,,,
CLM-019,Texas Lemon Law does not cover used vehicles,legal_claim,historical_record,,blog-texas-car-buying-laws.html:166,Historical claim record; current public wording is covered by WEBSITE-CONTENT-2026-10-01. Removed historical wording is not reintroduced by that approval.,editor,qualified_legal_reviewer,,,
CLM-020,Qualifying used dealer vehicles receive Texas Lemon Law protection,legal_claim,historical_record,,blog-private-party-vs-dealership.html:165,Historical claim record; current public wording is covered by WEBSITE-CONTENT-2026-10-01. Removed historical wording is not reintroduced by that approval.,editor,qualified_legal_reviewer,,,
CLM-021,AI Agent Buying Service can provide AI-assisted car-buying research,service_scope,historical_record,,index.html:388; schedule.html:174; ai-car-buying-agent.html:188; data/services.json:18,Historical claim record; current public wording is covered by WEBSITE-CONTENT-2026-10-01. Removed historical wording is not reintroduced by that approval.,operations_owner,claims_reviewer,,,
CLM-022,AI Agent Buying Service can contact participating dealers and negotiate by email where available,service_scope,historical_record,,index.html:388; schedule.html:174; ai-car-buying-agent.html:195; data/services.json:19,Historical claim record; current public wording is covered by WEBSITE-CONTENT-2026-10-01. Removed historical wording is not reintroduced by that approval.,operations_owner,claims_reviewer,,,
CLM-023,AI Agent Buying Service delivers a deal sheet with tailored options for buyer review,deliverable,historical_record,,index.html:388; index.html:413; schedule.html:174; schedule.html:199; ai-car-buying-agent.html:207; data/services.json:20; data/services.json:22,Historical claim record; current public wording is covered by WEBSITE-CONTENT-2026-10-01. Removed historical wording is not reintroduced by that approval.,operations_owner,claims_reviewer,,,
CLM-024,A $100 AI Agent service fee credit may apply toward Full Service if the buyer upgrades,credit_term,historical_record,,index.html:430; schedule.html:218; ai-car-buying-agent.html:223; policy.html:237,Historical claim record; current public wording is covered by WEBSITE-CONTENT-2026-10-01. Removed historical wording is not reintroduced by that approval.,business_owner,legal_reviewer,,,
CLM-025,Used-car observation worksheet and independent inspection guidance,safety_guidance,local_only_draft,Separate private artifact; source and implementation notes at the listed locations.,draft-artifacts/guides/blog-used-car-inspection-checklist.html; docs/seo-execution/SEO-05-inspection-review.md,Separate private preview remains unpublished. Current public page content is owner-approved under WEBSITE-CONTENT-2026-10-01.,business_owner,qualified_safety_mechanical_and_consumer_law_reviewer,,,
CLM-026,Compare optional dealer products by written cost coverage and exclusions,finance_warranty_guidance,local_only_draft,Separate private artifact; source and implementation notes at the listed locations.,draft-artifacts/guides/blog-dealership-addons-complete-guide.html; docs/seo-execution/SEO-05-addons-review.md,Separate private preview remains unpublished. Current public page content is owner-approved under WEBSITE-CONTENT-2026-10-01.,business_owner,qualified_consumer_finance_insurance_reviewer,,,
CLM-027,Compare new-car quotes with MSRP without promising a discount,finance_guidance,local_only_draft,Separate private artifact; source and implementation notes at the listed locations.,draft-artifacts/guides/blog-buy-new-car-below-msrp.html; docs/seo-execution/SEO-05-msrp-review.md,Separate private preview remains unpublished. Current public page content is owner-approved under WEBSITE-CONTENT-2026-10-01.,business_owner,qualified_consumer_finance_reviewer,,,
CLM-028,Austin-based car-buying support with engagement-specific logistics,local_service_scope,approved,Owner approval of current website content recorded in docs/content-approval-2026-10-01.md,austin.html; index.html,"Owner approved existing published copy October 1, 2026; no third-party review is attributed.",business_owner,Business owner via direct instruction,2026-10-01,,"Current published copy at the listed public locations, covered by WEBSITE-CONTENT-2026-10-01."
CLM-029,Every plan includes outreach to dozens of dealers.,service_volume,local_only_draft,Separate proposal recorded in docs/homepage-legwork-review-2026-09-17.md.,docs/homepage-legwork-review-2026-09-17.md#outreach-volume; proposed for index.html#how-it-works,Proposed quantity is separate from the existing public outreach copy covered by WEBSITE-CONTENT-2026-10-01.,business_owner,,,,
CLM-030,"We help clarify what comes next. You review the paperwork, sign, and decide whether to buy. Ultimate Concierge: delivery coordination where available. Confirm paperwork and pickup support for your plan.",service_scope,approved,Owner approval of current website content recorded in docs/content-approval-2026-10-01.md,index.html#legwork-coordinate; draft-artifacts/cities/*.html (generated from index.html); payment-success-concierge.html#ob-delivery-address; docs/homepage-legwork-review-2026-09-17.md#coordination-scope,"Owner approved existing published copy October 1, 2026; no third-party review is attributed. The Concierge intake (payment-success-concierge.html#ob-delivery-address) asks for an optional delivery or pickup location only if delivery coordination is available for the purchase; it no longer promises door-to-door delivery.",business_owner,Business owner via direct instruction,2026-10-01,,"Current published copy at the listed public locations, covered by WEBSITE-CONTENT-2026-10-01."
SEO-PRICE-2026-09-18,Full Service: $295 USD one-time service fee. Ultimate Concierge: $895 USD one-time service fee. Standalone AI Agent service is retired.,price_claim,retired,Owner decision in docs/seo-agent-runbook.md#business-decisions; current execution instruction explicitly implements it,Cleared 2026-09-27 from index.html; schedule.html; how-it-works.html; about.html; blog.html; car-buying-service.html; pricing.md; llms.txt; data/services.json; api/_lib/config.js; buying/checkout.js,Superseded by SEO-PRICE-2026-09-27. Paid $295/$895 sessions remain valid historical receipts through their checkout-attempt amount snapshot; see docs/seo-execution/stripe-cutover-2026-09-27.md.,business_owner,Business owner via Coordinator instruction,2026-09-18,2026-12-18,Full Service: $295 USD one-time service fee. Ultimate Concierge: $895 USD one-time service fee. Standalone AI Agent service is retired.
ENT-HOURS-2026-09-22,Monday–Friday 09:00–17:00 America/Chicago; Saturday and Sunday closed,entity_hours,approved,,index.html; data/entities.json,Historical claim record; current public wording is covered by WEBSITE-CONTENT-2026-10-01. Removed historical wording is not reintroduced by that approval.,business_owner,Business owner via Coordinator instruction,2026-09-22,2026-12-22,Monday–Friday 09:00–17:00 America/Chicago; Saturday and Sunday closed
ENT-EMAIL-2026-09-22,Public contact email is hello@driverightcarbuying.com,entity_contact,approved,,index.html; policy.html; schedule.html; about.html; llms.txt; data/entities.json,Historical claim record; current public wording is covered by WEBSITE-CONTENT-2026-10-01. Removed historical wording is not reintroduced by that approval.,business_owner,Business owner via Coordinator instruction,2026-09-22,2026-12-22,Public contact email is hello@driverightcarbuying.com
ENT-GBP-2026-09-22,Drive Right operates one owner-confirmed Auto broker service-area Google Business Profile; no public Maps URL yet,entity_local,approved,,data/entities.json; index.html,Historical claim record; current public wording is covered by WEBSITE-CONTENT-2026-10-01. Removed historical wording is not reintroduced by that approval.,business_owner,Business owner via Coordinator instruction,2026-09-22,2026-12-22,Drive Right operates one owner-confirmed Auto broker service-area Google Business Profile; no public Maps URL yet
SEO-TESLA-2026-09-18,FSD for life; purchased FSD stays with vehicle for life; thousands saved; same-week shortlist,safety_commercial_claim,retired,,tesla-fsd-for-sale.html,Historical claim family retired from the commercial offer. Keep-noindex park decision remains in place; current public page copy is owner-approved under WEBSITE-CONTENT-2026-10-01.,editor,qualified_safety_and_consumer_reviewer,,,
SEO06-QUOTE,Private quote comparison using entered purchase costs and explicit incentive conditions; two hypothetical worked examples,finance_guidance,local_only_draft,Separate private artifact; source and implementation notes at the listed locations.,draft-artifacts/quote-comparison/; docs/seo-execution/SEO-06-proof-packet-1.md; docs/seo-execution/SEO-06-proof-packet-2.md,Separate private preview remains unpublished. Current public page content is owner-approved under WEBSITE-CONTENT-2026-10-01.,unassigned,,,,
CLM-031,Photographed for Drive Right. (homepage hero caption on the Mazda MX-5 coastal photo),media_provenance,retired,Commission or ownership record showing the image was shot for Drive Right,index.html hero figcaption (removed 2026-09-22); draft-artifacts/cities/* (regenerated from index.html),Owner confirmed on 2026-09-22 that the hero photo was not an original Drive Right shoot; the credit was removed. The image itself remains in use.,Business owner,,2026-09-22,,
SEO-CHECKOUT-SEQUENCE-2026-09-25,Make an introduction before paying; phone is optional at checkout and your brief comes with you.,checkout_sequence,retired,buying/app.js startPlanCheckout calls startDirect; api/_tests/direct-checkout-client.test.mjs; schedule.html existing post-payment copy; docs/seo/2026-09-25-seo-execution.md,how-it-works.html steps 04-05 (corrected locally 2026-09-25),"Removed the contradictory pre-payment introduction step. Reused the existing pricing-page Stripe instruction and post-payment intake sequence; no new deliverable, timing, phone-collection or brief-transfer promise.",site_editor,,2026-09-25,,
SEO-PRICE-2026-09-27,Full Service: $395 USD one-time service fee. Ultimate Concierge: $695 USD one-time service fee. Standalone AI Agent service is retired.,price_claim,approved,,index.html; schedule.html; how-it-works.html; about.html; blog.html; car-buying-service.html; car-buying-service.html#questions; car-buying-service.html JSON-LD FAQPage; policy.html; texas-local-market-intelligence.html; ai-car-buying-agent.html; pricing.md; llms.txt; data/services.json; api/_lib/config.js; buying/checkout.js,Historical claim record; current public wording is covered by WEBSITE-CONTENT-2026-10-01. Removed historical wording is not reintroduced by that approval.,business_owner,Business owner (Mason) via direct owner instruction,2026-09-27,2026-12-26,Full Service: $395 USD one-time service fee. Ultimate Concierge: $695 USD one-time service fee. Standalone AI Agent service is retired.
SALES-COPY-2026-09-28,"Pricing page and homepage sales copy, owner-directed rewrite of 2026-09-28: pain-led lines (hours at the dealership, nights scrolling listings, haggling with salespeople who negotiate every day, fees buried in the paperwork) answered by what each plan includes; time and sanity saved; negotiating below MSRP (see MSRP-DISCOUNT-2026-09-28); ""Best for most buyers"" and ""Best for hard-to-find cars"" plan guidance; the buyer makes the final call. Adds no savings amount, best or lowest price, guarantee, dealer-compensation, volume, timing or testimonial claim.",marketing_copy,approved,Owner approval of current website content recorded in docs/content-approval-2026-10-01.md,"schedule.html (intro, plan cards, pain cards, steps, founder note, FAQ, closing CTA, meta/OG/Twitter/WebPage description); index.html (hero paragraph, fee strip, legwork steps 1-2, pricing preview, FAQ, meta/OG/Twitter/WebPage description); scripts/render-city-pages.mjs; draft-artifacts/cities/*.html","Owner approved existing published copy October 1, 2026; no third-party review is attributed.",business_owner,Business owner via direct instruction,2026-10-01,,"Current published copy at the listed public locations, covered by WEBSITE-CONTENT-2026-10-01."
MSRP-DISCOUNT-2026-09-28,Drive Right negotiates below MSRP / gets buyers discounts off MSRP on new cars (published as the exact lines in approved_copy),outcome_claim,approved,,"schedule.html (meta/OG/Twitter/WebPage description, intro, ""Paying full sticker"" card, FAQ); index.html (meta/OG/Twitter/WebPage description, legwork step 2, FAQ); draft-artifacts/cities/*.html",Historical claim record; current public wording is covered by WEBSITE-CONTENT-2026-10-01. Removed historical wording is not reintroduced by that approval.,business_owner,Business owner (Mason) via direct owner instruction,2026-09-28,2026-12-27,"schedule.html description: ""Skip the hours at the dealership and the haggling. Your Drive Right advisor searches, works the dealers and negotiates below MSRP. Flat fee: $395 or $695."" | schedule.html intro: ""We search, work the dealers, negotiate for a price below MSRP and check the fees."" | schedule.html card: ""Paying full sticker"" / ""We compare offers and negotiate for a discount off MSRP, so you’re not the one haggling."" | index.html description: ""Skip the hours at the dealer. Our car buying service works the dealers and negotiates below MSRP for buyers nationwide. Flat fee: $395 or $695."" | index.html legwork step 2: ""We compare available offers, negotiate for a price below MSRP and push back on fees, with email negotiation where available."" | schedule.html and index.html FAQ: ""Can you get me a price below MSRP?"" / ""Usually, yes. On new cars, getting you a discount off MSRP is the goal of every negotiation. How much depends on the model, local supply and timing. Some high-demand models sell at or above sticker, and we’ll tell you up front if yours is one of them."""
TESTIMONIAL-MSRP-2026-09-28,"Michael R.: ""Drive Right found me a new Tahoe under MSRP and negotiated away the dealer add-ons.""",testimonial,approved,,schedule.html (client review between the pain cards and How it works); index.html (client review above the pricing preview); draft-artifacts/cities/*.html,Historical claim record; current public wording is covered by WEBSITE-CONTENT-2026-10-01. Removed historical wording is not reintroduced by that approval.,business_owner,Business owner (Mason) via direct owner instruction,2026-09-28,2026-12-27,"“Drive Right found me a new Tahoe under MSRP and negotiated away the dealer add-ons.” / Michael R., Drive Right client / Discounts vary by vehicle, market and timing."
WEBSITE-CONTENT-2026-10-01,"All current public website content, including existing city pages, guides, articles, service copy, and metadata.",website_content_approval,approved,Direct owner instruction recorded in docs/content-approval-2026-10-01.md,Existing root public HTML pages and their metadata,Applies to current website copy; separate private previews remain unpublished. Existing indexing and redirects are retained.,business_owner,Business owner via direct instruction,2026-10-01,,I approve all content that is currently on the website.
